BEGIN;

-- Questionnaire
INSERT INTO questionnaire (id, name, questionaire_version) VALUES
    (1, 'DESH-e - vstupní anamnestický dotazník', 1);

-- Question types
INSERT INTO question_type (id, code, description) VALUES
                                                      (1, 'OPEN_TEXT', 'Open-ended text answer stored in answer.text_value'),
                                                      (2, 'NUMERIC_INPUT', 'Numeric answer stored in answer.numeric_value'),
                                                      (3, 'SINGLE_CHOICE', 'Single selected option stored via answer.scale_option_id'),
                                                      (4, 'MULTI_CHOICE', 'Multiple selected options; store one answer row per selected scale_option_id');

-- Scales
INSERT INTO scale (id, name, description) VALUES
                                              (1, 'YES_NO', 'Binary yes/no response options.'),
                                              (2, 'FREQUENCY_WEEKLY_5', '5-point weekly frequency scale from never to daily.'),
                                              (3, 'FREQUENCY_SESSION_5', '5-point within-session frequency scale from never to very often.'),
                                              (4, 'INTENSITY_5', '5-point intensity scale from very low to very high.'),
                                              (5, 'AGREEMENT_5_LONG', '5-point agreement scale with full disagreement/agreement wording.'),
                                              (6, 'AGREEMENT_5_SHORT', '5-point agreement scale with short wording.'),
                                              (7, 'A5_REGISTRATION', 'Registration in esport organizations or platforms.'),
                                              (8, 'A8_TEAM_ROLE', 'Role in the esport team.'),
                                              (9, 'A9_MATCHES_PER_WEEK', 'Weekly number of competitive matches.'),
                                              (10, 'B1_MAIN_PHYSICAL_ACTIVITY', 'Primary sport / physical activity profile.'),
                                              (11, 'B2_PRIMARY_PLATFORM', 'Primary gaming platform.'),
                                              (12, 'B3_MAIN_GAME_GENRE', 'Main game genre.'),
                                              (13, 'B4_ESPORT_DURATION', 'Years of systematic esport play.'),
                                              (14, 'B5_START_AGE', 'Age at start of systematic esport play.'),
                                              (15, 'C5_VISUAL_DIFFICULTIES', 'Visual difficulties experienced during gaming.'),
                                              (16, 'C6_VISUAL_DIFFICULTY_TIMING', 'When visual difficulties most often appear.'),
                                              (17, 'C7_BLUE_LIGHT_PROTECTION', 'Forms of blue-light protection used.'),
                                              (18, 'C10_PERFORMANCE_SUPPORT_SUBSTANCES', 'Substances or supplements used to support gaming performance.'),
                                              (19, 'D2_ACTIVITY_MINUTES', 'Average daily minutes of moderate or vigorous physical activity.'),
                                              (20, 'D3_PHYSICAL_ACTIVITY_TYPES', 'Types of regular physical activity.'),
                                              (21, 'E1_MOUSE_TYPE', 'Type of gaming mouse used.'),
                                              (22, 'E2_GRIP_STYLE', 'Mouse grip style.'),
                                              (23, 'E7_DOMINANT_MOVEMENT', 'Dominant movement type during mouse use.'),
                                              (24, 'E9_E11_MOUSE_FIT_5', '5-point suitability scale used for mouse size/shape/ergonomics.'),
                                              (25, 'E13_MOUSE_WEIGHT_SUITABILITY_5', '5-point suitability scale for mouse weight.'),
                                              (26, 'F1_PLAY_ENVIRONMENT', 'Typical gaming environment.'),
                                              (27, 'F2_CHAIR_TYPE', 'Typical chair type used during gaming.'),
                                              (28, 'F4_MONITOR_POSITION', 'Monitor position relative to the eyes.'),
                                              (29, 'F5_F8_ERGONOMICS_5_WITH_UNKNOWN', '5-point ergonomics suitability scale with unable-to-assess option.'),
                                              (30, 'H1_SLEEP_REGULARITY_5', '5-point sleep regularity scale.'),
                                              (31, 'H2_SLEEP_QUALITY_5', '5-point sleep quality scale.'),
                                              (32, 'H3_FALLING_ASLEEP_EASE_5', '5-point ease of falling asleep scale.'),
                                              (33, 'H7_RECOVERY_AFTER_WAKE_5', '5-point recovery after waking scale.'),
                                              (34, 'H10_SLEEP_DISRUPTORS', 'Factors that most often disrupt sleep.'),
                                              (35, 'H11_CHRONOTYPE', 'Self-identified chronotype.'),
                                              (36, 'H12_SLEEPING_ARRANGEMENT', 'Typical sleeping arrangement.'),
                                              (37, 'H16_SLEEP_ENVIRONMENT_SUITABILITY_5', '5-point suitability of sleep environment.');

-- Scale options
INSERT INTO scale_option (id, scale_id, label, description, numeric_value) VALUES
                                                                               (101, 1, '1', 'ano', 1),
                                                                               (102, 1, '2', 'ne', 2),
                                                                               (201, 2, '1', 'nikdy (0×)', 1),
                                                                               (202, 2, '2', 'zřídka (1× týdně)', 2),
                                                                               (203, 2, '3', 'občas (2-3× týdně)', 3),
                                                                               (204, 2, '4', 'často (4-5× týdně)', 4),
                                                                               (205, 2, '5', 'velmi často (6-7× týdně / denně)', 5),
                                                                               (301, 3, '1', 'nikdy', 1),
                                                                               (302, 3, '2', 'zřídka (1× během herní session)', 2),
                                                                               (303, 3, '3', 'občas (2-3× během herní session)', 3),
                                                                               (304, 3, '4', 'často (4-5× během herní session)', 4),
                                                                               (305, 3, '5', 'velmi často (>5× během herní session)', 5),
                                                                               (401, 4, '1', 'velmi nízká', 1),
                                                                               (402, 4, '2', 'spíše nízká', 2),
                                                                               (403, 4, '3', 'střední', 3),
                                                                               (404, 4, '4', 'vysoká', 4),
                                                                               (405, 4, '5', 'velmi vysoká', 5),
                                                                               (501, 5, '1', 'rozhodně ne / zcela nesouhlasím', 1),
                                                                               (502, 5, '2', 'spíše ne / spíše nesouhlasím', 2),
                                                                               (503, 5, '3', 'neutrálně / ani souhlas ani nesouhlas', 3),
                                                                               (504, 5, '4', 'spíše ano / spíše souhlasím', 4),
                                                                               (505, 5, '5', 'rozhodně ano / zcela souhlasím', 5),
                                                                               (601, 6, '1', 'rozhodně ne', 1),
                                                                               (602, 6, '2', 'spíše ne', 2),
                                                                               (603, 6, '3', 'neutrálně', 3),
                                                                               (604, 6, '4', 'spíše ano', 4),
                                                                               (605, 6, '5', 'rozhodně ano', 5),
                                                                               (701, 7, 'NONE', 'nejsem registrován', NULL),
                                                                               (702, 7, 'NATIONAL_ASSOC', 'národní esportová asociace', NULL),
                                                                               (703, 7, 'INTERNATIONAL_ASSOC', 'mezinárodní esportová asociace', NULL),
                                                                               (704, 7, 'PRO_TEAM', 'profesionální tým / organizace', NULL),
                                                                               (705, 7, 'GAMING_PLATFORM', 'herní platforma (např. FACEIT, ESEA)', NULL),
                                                                               (706, 7, 'OTHER', 'jiná', NULL),
                                                                               (801, 8, 'PLAYER', 'hráč', NULL),
                                                                               (802, 8, 'SUBSTITUTE', 'náhradník', NULL),
                                                                               (803, 8, 'CAPTAIN', 'kapitán', NULL),
                                                                               (804, 8, 'OTHER', 'jiná role', NULL),
                                                                               (901, 9, 'LT_5', '<5', NULL),
                                                                               (902, 9, '5_10', '5-10', NULL),
                                                                               (903, 9, '10_20', '10-20', NULL),
                                                                               (904, 9, 'GT_20', '>20', NULL),
                                                                               (905, 9, 'DONT_KNOW', 'nevím', NULL),
                                                                               (1001, 10, '1', 'pouze esport', 1),
                                                                               (1002, 10, '2', 'pouze tradiční sport', 2),
                                                                               (1003, 10, '3', 'kombinace esport + tradiční sport', 3),
                                                                               (1004, 10, '4', 'pravidelně nesportuji', 4),
                                                                               (1101, 11, '1', 'PC', 1),
                                                                               (1102, 11, '2', 'konzole', 2),
                                                                               (1103, 11, '3', 'mobil', 3),
                                                                               (1104, 11, '4', 'kombinace', 4),
                                                                               (1105, 11, '5', 'jiné', 5),
                                                                               (1201, 12, '1', 'FPS', 1),
                                                                               (1202, 12, '2', 'MOBA', 2),
                                                                               (1203, 12, '3', 'RTS', 3),
                                                                               (1204, 12, '4', 'sportovní simulátor', 4),
                                                                               (1205, 12, '5', 'fighting', 5),
                                                                               (1206, 12, '6', 'jiný', 6),
                                                                               (1301, 13, '1', '< 1 rok', 1),
                                                                               (1302, 13, '2', '1-3 roky', 2),
                                                                               (1303, 13, '3', '4-6 let', 3),
                                                                               (1304, 13, '4', '7-10 let', 4),
                                                                               (1305, 13, '5', '> 10 let', 5),
                                                                               (1401, 14, '1', '< 10 let', 1),
                                                                               (1402, 14, '2', '10-12 let', 2),
                                                                               (1403, 14, '3', '13-15 let', 3),
                                                                               (1404, 14, '4', '16-18 let', 4),
                                                                               (1405, 14, '5', '> 18 let', 5),
                                                                               (1501, 15, 'NONE', 'nemám žádné potíže', NULL),
                                                                               (1502, 15, 'EYE_FATIGUE', 'únava očí', NULL),
                                                                               (1503, 15, 'BLURRED_VISION', 'rozmazané vidění', NULL),
                                                                               (1504, 15, 'BURNING_EYES', 'pálení nebo řezání očí', NULL),
                                                                               (1505, 15, 'HEADACHE', 'bolest hlavy při nebo po hraní', NULL),
                                                                               (1506, 15, 'LIGHT_SENSITIVITY', 'zvýšená citlivost na světlo', NULL),
                                                                               (1507, 15, 'FOCUS_DIFFICULTY', 'potíže s ostřením na dálku/blízko', NULL),
                                                                               (1508, 15, 'OTHER', 'jiné', NULL),
                                                                               (1601, 16, 'START', 'na začátku herní session (do 30 min)', NULL),
                                                                               (1602, 16, 'DURING', 'v průběhu herní session (po delší době hraní ≥ 1 hodina)', NULL),
                                                                               (1603, 16, 'END', 'na konci herní session', NULL),
                                                                               (1604, 16, 'AFTER', 'po ukončení hraní', NULL),
                                                                               (1605, 16, 'INDEPENDENT', 'nezávisle na délce hraní', NULL),
                                                                               (1606, 16, 'OTHER', 'jiné', NULL),
                                                                               (1701, 17, 'NONE', 'nepoužívám', NULL),
                                                                               (1702, 17, 'SOFTWARE', 'softwarové (např. noční režim, filtry v OS)', NULL),
                                                                               (1703, 17, 'HARDWARE', 'hardwarové (např. filtr monitoru)', NULL),
                                                                               (1704, 17, 'GLASSES', 'brýle blokující modré světlo', NULL),
                                                                               (1705, 17, 'UNAWARE', 'nejsem si vědom/a použití', NULL),
                                                                               (1706, 17, 'OTHER', 'jiné', NULL),
                                                                               (1801, 18, 'NONE', 'nepoužívám', NULL),
                                                                               (1802, 18, 'CAFFEINE', 'kofein (káva, energetické nápoje, cola)', NULL),
                                                                               (1803, 18, 'THEINE', 'thein (čaj)', NULL),
                                                                               (1804, 18, 'TAURINE', 'taurin (energetické nápoje)', NULL),
                                                                               (1805, 18, 'L_THEANINE', 'L-theanin', NULL),
                                                                               (1806, 18, 'B_VITAMINS', 'vitaminy skupiny B (např. B12, B-komplex)', NULL),
                                                                               (1807, 18, 'MAGNESIUM', 'hořčík (magnesium)', NULL),
                                                                               (1808, 18, 'NOOTROPICS', 'nootropika (např. ginkgo biloba, bacopa monnieri)', NULL),
                                                                               (1809, 18, 'ADAPTOGENS', 'adaptogeny (např. ženšen, rhodiola)', NULL),
                                                                               (1810, 18, 'PROTEIN', 'proteinové doplňky', NULL),
                                                                               (1811, 18, 'PREWORKOUT', 'předtréninkové stimulanty ("pre-workout")', NULL),
                                                                               (1812, 18, 'OTHER', 'jiné', NULL),
                                                                               (1901, 19, 'NONE', 'žádná', NULL),
                                                                               (1902, 19, 'LT_10', '< 10 min denně', NULL),
                                                                               (1903, 19, '10_20', '10-20 min denně', NULL),
                                                                               (1904, 19, '20_40', '20-40 min denně', NULL),
                                                                               (1905, 19, 'GT_40', '> 40 min denně', NULL),
                                                                               (2001, 20, 'STRENGTH', 'silový trénink', NULL),
                                                                               (2002, 20, 'CARDIO', 'kardio (běh, kolo apod.)', NULL),
                                                                               (2003, 20, 'TEAM_SPORT', 'týmový/kolektivní sport', NULL),
                                                                               (2004, 20, 'MOBILITY', 'mobilita / stretching', NULL),
                                                                               (2005, 20, 'COMPENSATORY', 'kompenzační cvičení', NULL),
                                                                               (2006, 20, 'NONE', 'nevykonávám žádnou pravidelnou fyzickou aktivitu', NULL),
                                                                               (2007, 20, 'OTHER', 'jiné', NULL),
                                                                               (2101, 21, 'SYMMETRICAL', 'symetrická', NULL),
                                                                               (2102, 21, 'ERGONOMIC_RIGHT', 'ergonomická pravostranná', NULL),
                                                                               (2103, 21, 'ERGONOMIC_LEFT', 'ergonomická levostranná', NULL),
                                                                               (2104, 21, 'VERTICAL', 'vertikální', NULL),
                                                                               (2105, 21, 'OTHER', 'jiný typ', NULL),
                                                                               (2201, 22, 'PALM', 'palm grip (dlaň opřená o myš)', NULL),
                                                                               (2202, 22, 'CLAW', 'claw grip (prsty pokrčené, dlaň částečně opřená)', NULL),
                                                                               (2203, 22, 'FINGERTIP', 'fingertip grip (ovládání převážně prsty)', NULL),
                                                                               (2204, 22, 'COMBINATION', 'kombinace více stylů', NULL),
                                                                               (2205, 22, 'UNKNOWN', 'nevím / nedokážu posoudit', NULL),
                                                                               (2301, 23, 'FINGERS', 'prsty', NULL),
                                                                               (2302, 23, 'WRIST', 'zápěstí', NULL),
                                                                               (2303, 23, 'FOREARM', 'předloktí', NULL),
                                                                               (2304, 23, 'UNKNOWN', 'nevím / nedokážu posoudit', NULL),
                                                                               (2401, 24, '1', 'velmi nevyhovující', 1),
                                                                               (2402, 24, '2', 'spíše nevyhovující', 2),
                                                                               (2403, 24, '3', 'průměrná', 3),
                                                                               (2404, 24, '4', 'spíše vyhovující', 4),
                                                                               (2405, 24, '5', 'velmi vyhovující', 5),
                                                                               (2501, 25, '1', 'velmi nevhodná', 1),
                                                                               (2502, 25, '2', 'spíše nevhodná', 2),
                                                                               (2503, 25, '3', 'průměrná', 3),
                                                                               (2504, 25, '4', 'spíše vhodná', 4),
                                                                               (2505, 25, '5', 'velmi vhodná', 5),
                                                                               (2601, 26, 'DESK', 'u pracovního stolu', NULL),
                                                                               (2602, 26, 'COUCH', 'na gauči / v křesle', NULL),
                                                                               (2603, 26, 'MULTIPLE', 'střídám více prostředí', NULL),
                                                                               (2604, 26, 'OTHER', 'jiné', NULL),
                                                                               (2701, 27, 'REGULAR', 'běžná židle', NULL),
                                                                               (2702, 27, 'OFFICE', 'kancelářská židle', NULL),
                                                                               (2703, 27, 'GAMING', 'gaming židle', NULL),
                                                                               (2704, 27, 'ERGONOMIC', 'ergonomická židle', NULL),
                                                                               (2705, 27, 'OTHER', 'jiná', NULL),
                                                                               (2801, 28, 'MUCH_LOWER', 'výrazně níže', NULL),
                                                                               (2802, 28, 'SLIGHTLY_LOWER', 'mírně níže', NULL),
                                                                               (2803, 28, 'EYE_LEVEL', 'v úrovni očí', NULL),
                                                                               (2804, 28, 'SLIGHTLY_HIGHER', 'mírně výše', NULL),
                                                                               (2805, 28, 'MUCH_HIGHER', 'výrazně výše', NULL),
                                                                               (2806, 28, 'UNKNOWN', 'neumím posoudit', NULL),
                                                                               (2901, 29, '1', 'velmi nevyhovující', 1),
                                                                               (2902, 29, '2', 'spíše nevyhovující', 2),
                                                                               (2903, 29, '3', 'průměrné', 3),
                                                                               (2904, 29, '4', 'spíše vyhovující', 4),
                                                                               (2905, 29, '5', 'velmi vyhovující', 5),
                                                                               (2906, 29, 'UNKNOWN', 'neumím posoudit', NULL),
                                                                               (3001, 30, '1', 'velmi nepravidelný', 1),
                                                                               (3002, 30, '2', 'spíše nepravidelný', 2),
                                                                               (3003, 30, '3', 'průměrný', 3),
                                                                               (3004, 30, '4', 'spíše pravidelný', 4),
                                                                               (3005, 30, '5', 'velmi pravidelný', 5),
                                                                               (3101, 31, '1', 'velmi špatná', 1),
                                                                               (3102, 31, '2', 'spíše špatná', 2),
                                                                               (3103, 31, '3', 'průměrná', 3),
                                                                               (3104, 31, '4', 'spíše dobrá', 4),
                                                                               (3105, 31, '5', 'velmi dobrá', 5),
                                                                               (3201, 32, '1', 'velmi obtížné', 1),
                                                                               (3202, 32, '2', 'spíše obtížné', 2),
                                                                               (3203, 32, '3', 'průměrné', 3),
                                                                               (3204, 32, '4', 'spíše snadné', 4),
                                                                               (3205, 32, '5', 'velmi snadné', 5),
                                                                               (3301, 33, '1', 'velmi špatně', 1),
                                                                               (3302, 33, '2', 'spíše špatně', 2),
                                                                               (3303, 33, '3', 'průměrně', 3),
                                                                               (3304, 33, '4', 'dobře', 4),
                                                                               (3305, 33, '5', 'velmi dobře', 5),
                                                                               (3401, 34, 'NONE', 'nic mě neruší', NULL),
                                                                               (3402, 34, 'NOISE', 'hluk v prostředí', NULL),
                                                                               (3403, 34, 'LIGHT', 'světlo v místnosti / monitor', NULL),
                                                                               (3404, 34, 'TEMPERATURE', 'teplota v místnosti', NULL),
                                                                               (3405, 34, 'STRESS', 'stres / přemýšlení', NULL),
                                                                               (3406, 34, 'GAMING_BEFORE_SLEEP', 'hraní her těsně před spaním', NULL),
                                                                               (3407, 34, 'PAIN', 'noční probouzení kvůli bolesti', NULL),
                                                                               (3408, 34, 'TOILET', 'noční probouzení kvůli potřebě jít na toaletu', NULL),
                                                                               (3409, 34, 'BAD_DREAMS', 'noční probouzení kvůli špatným snům', NULL),
                                                                               (3410, 34, 'NO_CLEAR_CAUSE', 'noční probouzení bez jasné příčiny', NULL),
                                                                               (3411, 34, 'OTHER', 'jiné', NULL),
                                                                               (3501, 35, 'MORNING', 'ranní typ (usínám brzy, vstávám brzy)', NULL),
                                                                               (3502, 35, 'RATHER_MORNING', 'spíše ranní typ', NULL),
                                                                               (3503, 35, 'RATHER_EVENING', 'spíše večerní typ', NULL),
                                                                               (3504, 35, 'EVENING', 'večerní typ (chodím spát pozdě)', NULL),
                                                                               (3505, 35, 'UNKNOWN', 'nevím', NULL),
                                                                               (3601, 36, 'ALONE', 'sám/sama ve svém bytě', NULL),
                                                                               (3602, 36, 'SAME_ROOM', 's někým ve stejné místnosti', NULL),
                                                                               (3603, 36, 'SAME_BED', 's někým ve stejné posteli', NULL),
                                                                               (3604, 36, 'OTHER', 'jiné', NULL),
                                                                               (3701, 37, '1', 'velmi nevhodné', 1),
                                                                               (3702, 37, '2', 'spíše nevhodné', 2),
                                                                               (3703, 37, '3', 'průměrné', 3),
                                                                               (3704, 37, '4', 'spíše vhodné', 4),
                                                                               (3705, 37, '5', 'velmi vhodné', 5);

-- Questions
-- Section A
INSERT INTO question (id, question_type_id, text) VALUES
                                                      (1, 1, 'A1. Uveď své jméno a příjmení.'),
                                                      (2, 1, 'A2. Uveď e-mailovou adresu pro komunikaci v rámci projektu.'),
                                                      (3, 1, 'A3. Ve kterém městě máš trvalý pobyt?'),
                                                      (4, 1, 'A4. Jaká je tvoje herní přezdívka (nickname) ve hře Counter-Strike (CS2)?'),
                                                      (5, 4, 'A5. Jsi registrován/a v některé z následujících esportových organizací nebo platforem? (lze označit více možností)'),
                                                      (6, 3, 'A6. Jsi aktuálně členem esportového týmu nebo organizace?'),
                                                      (7, 1, 'A7. Pokud jsi členem esportového týmu nebo organizace, uveď název týmu/organizace.'),
                                                      (8, 4, 'A8. Jaká je tvoje role v týmu? (lze označit více možností)'),
                                                      (9, 3, 'A9. Kolik kompetitivních zápasů odehraješ týdně?'),
                                                      (10, 3, 'A10. Máš strukturovaný tréninkový plán?'),
                                                      (11, 3, 'A11. Máš trenéra nebo analytika výkonu?'),
                                                      (12, 3, 'A12. Jak často analyzuješ svůj výkon (např. replay, statistiky apod.)?');

-- Section B
INSERT INTO question (id, question_type_id, text) VALUES
                                                      (13, 3, 'B1. Jaká je tvoje hlavní sportovní/pohybová činnost?'),
                                                      (14, 3, 'B2. Jaká je tvoje primární herní platforma?'),
                                                      (15, 3, 'B3. Jaký je tvůj hlavní herní žánr?'),
                                                      (16, 3, 'B4. Jak dlouho se systematicky věnuješ hraní esportu?'),
                                                      (17, 3, 'B5. V jakém věku jsi začal/a se systematickým hraním esportu?'),
                                                      (18, 3, 'B6. Jak často v týdnu hraješ esport?'),
                                                      (19, 2, 'B7. Jak dlouhá je průměrná délka jedné herní session? (uveď v minutách)'),
                                                      (20, 3, 'B8. Jak často během herní session zařazuješ přestávky?'),
                                                      (21, 2, 'B9. Jak dlouhé jsou obvykle tvoje přestávky? (uveď v minutách)'),
                                                      (22, 3, 'B10. Jaká je intenzita fyzické aktivity během tvých přestávek (např. pohyb, změna polohy)?'),
                                                      (23, 3, 'B11. Jak často máš herní session delší než 1 hodinu bez přerušení?'),
                                                      (24, 3, 'B12. Jak často hraješ po 22:00?'),
                                                      (25, 3, 'B13. Jak často máš herní session delší než 3 hodiny ("maraton") bez významné přestávky?'),
                                                      (26, 3, 'B14. Jak často končíš herní session méně než 2 hodiny před spaním?');

-- Section C
INSERT INTO question (id, question_type_id, text) VALUES
                                                      (27, 3, 'C1. Jak náročná je pro tebe kognitivní zátěž (koncentrace, multitasking) během herní session?'),
                                                      (28, 3, 'C2. Jak vysokou emoční zátěž (prožívání hry) během herní session vnímáš?'),
                                                      (29, 3, 'C3. Jak často během herních session zažíváš tzv. "tilt" (ztrátu kontroly nad emocemi)?'),
                                                      (30, 3, 'C4. Jak vysokou vizuální zátěž při herní session subjektivně vnímáš?'),
                                                      (31, 4, 'C5. Míváš při hře některé z následujících vizuálních obtíží? (lze označit více možností)'),
                                                      (32, 4, 'C6. Kdy se tyto obtíže nejčastěji objevují? (lze označit více možností)'),
                                                      (33, 3, 'C7. Jaké formy ochrany proti modrému světlu využíváš?'),
                                                      (34, 3, 'C8. Jak často během herní session děláš "oční pauzy" (odklon pohledu od monitoru)?'),
                                                      (35, 3, 'C9. Jak často měníš vědomě během herní session držení těla?'),
                                                      (36, 4, 'C10. Užíváš pro podporu výkonu při hraní některé z následujících látek nebo doplňků? (lze označit více možností)'),
                                                      (37, 3, 'C11. Uvědomuji si dlouhodobou zátěž spojenou s esportem.'),
                                                      (38, 3, 'C12. Jsem ochoten/ochotna měnit své herní návyky směrem ke zdravějšímu režimu.'),
                                                      (39, 3, 'C13. Mám zájem o preventivní nebo odborné vedení v oblasti esportu.'),
                                                      (40, 3, 'C14. Jak často během herní session pociťuješ mentální (kognitivní) únavu?'),
                                                      (41, 3, 'C15. Jak často během herní session pociťuješ, že únava negativně ovlivňuje tvůj výkon?'),
                                                      (42, 3, 'C16. Jak často během herní session pociťuješ, že stres negativně ovlivňuje tvůj výkon?'),
                                                      (43, 3, 'C17. Jak často během herní session pociťuješ, že vizuální zátěž negativně ovlivňuje tvůj výkon?');

-- Section D
INSERT INTO question (id, question_type_id, text) VALUES
                                                      (44, 3, 'D1. Kolik dní v týdnu vykonáváš alespoň 30 minut souvislé fyzické aktivity?'),
                                                      (45, 3, 'D2. Kolik minut denně se v průměru věnuješ fyzické aktivitě střední nebo vysoké intenzity (při které se zadýcháš)?'),
                                                      (46, 4, 'D3. Jaké typy fyzické aktivity pravidelně vykonáváš? (lze označit více možností)'),
                                                      (47, 3, 'D4. Kolik dní v týdnu provádíš silový trénink?'),
                                                      (48, 2, 'D5. Jak dlouho trvá tvoje typická jednotka fyzické aktivity? (uveď v minutách)'),
                                                      (49, 3, 'D6. Jak často využíváš relaxační techniky (např. relaxace, mindfulness)?'),
                                                      (50, 3, 'D7. Jak často využíváš dechové techniky?'),
                                                      (51, 1, 'D8. Jaké kompenzační mechanismy používáš pro regeneraci?');

-- Section E
INSERT INTO question (id, question_type_id, text) VALUES
                                                      (52, 3, 'E1. Jaký typ herní myši používáš?'),
                                                      (53, 3, 'E2. Jaký způsob držení myši používáš nejčastěji? (grip style)'),
                                                      (54, 3, 'E3. Jak často během herní session měníš způsob držení myši?'),
                                                      (55, 3, 'E4. Jakou intenzitou obvykle svíráš myš během herní session?'),
                                                      (56, 3, 'E5. Jak často během herní session využíváš převážně pohyb prstů (jemné mikropohyby)?'),
                                                      (57, 3, 'E6. Jak často během herní session využíváš převážně pohyb zápěstí?'),
                                                      (58, 3, 'E7. Který typ pohybu během herní session využíváš nejvíce?'),
                                                      (59, 3, 'E8. Jak často během herní session využíváš pohyb celého předloktí?'),
                                                      (60, 3, 'E9. Jak dobře odpovídá velikost tvé herní myši velikosti tvé ruky?'),
                                                      (61, 3, 'E10. Jak vhodný je tvar tvé myši pro způsob, jakým ji držíš?'),
                                                      (62, 3, 'E11. Jak ergonomická je podle tebe tvoje herní myš při dlouhodobém hraní?'),
                                                      (63, 3, 'E12. Jak často během herní session měníš polohu ruky na myši kvůli pohodlí?'),
                                                      (64, 3, 'E13. Jak vhodná je hmotnost tvé myši pro tvůj herní styl?'),
                                                      (65, 3, 'E14. Způsob, jakým držím myš, mi během herní session umožňuje přesné cílení.'),
                                                      (66, 3, 'E15. Způsob, jakým držím myš, mi během herní session umožňuje rychlé reakce.'),
                                                      (67, 3, 'E16. Během delší herní session se mi zhoršuje kontrola a přesnost pohybu myši.'),
                                                      (68, 3, 'E17. Při únavě ruky se mi během herní session snižuje kontrola a přesnost pohybu myši.'),
                                                      (69, 3, 'E18. Velikost a tvar mé herní myši pozitivně ovlivňují můj herní výkon.');

-- Section F
INSERT INTO question (id, question_type_id, text) VALUES
                                                      (70, 3, 'F1. V jakém prostředí nejčastěji hraješ během typické herní session?'),
                                                      (71, 3, 'F2. Jaký typ židle používáš nejčastěji během herní session?'),
                                                      (72, 3, 'F3. Používáš během herní session oporu zápěstí (např. podložku pod myš/klávesnici - wrist rest)?'),
                                                      (73, 3, 'F4. Jak máš nejčastěji umístěn monitor vzhledem k očím?'),
                                                      (74, 3, 'F5. Jak ergonomické je tvoje herní pracoviště jako celek?'),
                                                      (75, 3, 'F6. Výška stolu je pro mě během herní session ergonomicky vyhovující.'),
                                                      (76, 3, 'F7. Výška židle je pro mě během herní session ergonomicky vyhovující.'),
                                                      (77, 3, 'F8. Poloha monitoru (výška a vzdálenost) je pro mě během herní session ergonomicky vhodná.'),
                                                      (78, 3, 'F9. Během herní session mám opřená předloktí o podložku (stůl/opěrky).'),
                                                      (79, 3, 'F10. Během herní session využívám opěrky loktů na židli.'),
                                                      (80, 3, 'F11. Během herní session udržuji zápěstí v neutrální (rovné) poloze bez výrazného ohnutí nebo vychýlení do stran.'),
                                                      (81, 3, 'F12. Během herní session udržuji vzpřímené držení trupu.');

-- Section G
INSERT INTO question (id, question_type_id, text) VALUES
                                                      (82, 3, 'G1a. Jak často během herní session pociťuješ obtíže (např. bolest, tlak, únava) v prstech ruky, kterou ovládáš myš?'),
                                                      (83, 3, 'G1b. Jak často během herní session pociťuješ obtíže (např. bolest, tlak, únava) v prstech druhé ruky (na klávesnici)?'),
                                                      (84, 3, 'G2a. Jak často během herní session pociťuješ obtíže (např. bolest, tlak, únava) v zápěstí ruky, kterou ovládáš myš?'),
                                                      (85, 3, 'G2b. Jak často během herní session pociťuješ obtíže (např. bolest, tlak, únava) v zápěstí druhé ruky?'),
                                                      (86, 3, 'G3a. Jak často během herní session pociťuješ obtíže (např. bolest, tlak, únava) v předloktí horní končetiny, kterou ovládáš myš?'),
                                                      (87, 3, 'G3b. Jak často během herní session pociťuješ obtíže (např. bolest, tlak, únava) v předloktí druhé ruky?'),
                                                      (88, 3, 'G4a. Jak často během herní session pociťuješ obtíže (např. bolest, tlak, únava) v oblasti lokte horní končetiny, kterou ovládáš myš?'),
                                                      (89, 3, 'G4b. Jak často během herní session pociťuješ obtíže (např. bolest, tlak, únava) v oblasti lokte druhé ruky?'),
                                                      (90, 3, 'G5a. Jak často během herní session pociťuješ obtíže (např. bolest, tlak, únava) v oblasti ramene horní končetiny, kterou ovládáš myš?'),
                                                      (91, 3, 'G5b. Jak často během herní session pociťuješ obtíže (např. bolest, tlak, únava) v oblasti ramene druhé ruky?'),
                                                      (92, 3, 'G6a. Jak často během herní session pociťuješ obtíže (např. bolest, tlak, únava) v oblasti krku / šíje?'),
                                                      (93, 3, 'G6b. Jak často během herní session pociťuješ obtíže (např. bolest, tlak, únava) v oblasti horní části zad?'),
                                                      (94, 3, 'G6c. Jak často během herní session pociťuješ obtíže (např. bolest, tlak, únava) v oblasti dolní části zad?'),
                                                      (95, 3, 'G7. Jak často během herní session pociťuješ obtíže (např. bolest, tlak, únava) v oblasti hlavy?'),
                                                      (96, 3, 'G8. Bolest nebo nepohodlí v horní končetině omezuje délku mé herní session.'),
                                                      (97, 3, 'G9. Kvůli obtížím někdy měním způsob držení myši.'),
                                                      (98, 3, 'G10. Kvůli obtížím někdy přerušuji herní session.'),
                                                      (99, 3, 'G11. Kvůli obtížím jsem změnil/a typ nebo velikost myši.');

-- Section H
INSERT INTO question (id, question_type_id, text) VALUES
                                                      (100, 3, 'H1. Jak hodnotíš pravidelnost svého spánkového režimu (čas usnutí a probuzení)?'),
                                                      (101, 3, 'H2. Jak hodnotíš kvalitu svého spánku?'),
                                                      (102, 3, 'H3. Jak hodnotíš snadnost usínání po ulehnutí do postele?'),
                                                      (103, 3, 'H4. Do jaké míry souhlasíš s tvrzením: "Délka mého spánku je pro mě obvykle dostatečná."'),
                                                      (104, 3, 'H5. Jak často se v noci budíš nebo máš přerušovaný spánek?'),
                                                      (105, 3, 'H6. Jak často se po probuzení cítíš odpočinutý/á?'),
                                                      (106, 3, 'H7. Jak dobře se po probuzení cítíš fyzicky a mentálně regenerovaný/á?'),
                                                      (107, 3, 'H8. Jak často během dne pociťuješ únavu nebo ospalost?'),
                                                      (108, 3, 'H9. Jak často během dne podřimuješ (nap)?'),
                                                      (109, 4, 'H10. Co nejčastěji narušuje tvůj spánek? (lze označit více možností)'),
                                                      (110, 3, 'H11. Za jaký spánkový typ (chronotyp) se považuješ?'),
                                                      (111, 3, 'H12. Jak obvykle spíš?'),
                                                      (112, 3, 'H13. Jak pravidelně dodržuješ rutinu před spaním (např. omezení obrazovek, relaxace, stejný čas ulehnutí)?'),
                                                      (113, 3, 'H14. Jak často používáš mobilní telefon, počítač nebo jinou obrazovku během poslední hodiny před spaním?'),
                                                      (114, 3, 'H15. Jak často konzumuješ kofeinové nápoje (např. káva, energetické nápoje) během 4 hodin před spaním?'),
                                                      (115, 3, 'H16. Jak vhodné je prostředí, ve kterém obvykle spíš (hluk, světlo, teplota)?');

-- Questionnaire -> question mapping
-- Section A
INSERT INTO questionnaire_question (id, questionnaire_id, question_id, scale_id) VALUES
                                                                                     (1, 1, 1, NULL),
                                                                                     (2, 1, 2, NULL),
                                                                                     (3, 1, 3, NULL),
                                                                                     (4, 1, 4, NULL),
                                                                                     (5, 1, 5, 7),
                                                                                     (6, 1, 6, 1),
                                                                                     (7, 1, 7, NULL),
                                                                                     (8, 1, 8, 8),
                                                                                     (9, 1, 9, 9),
                                                                                     (10, 1, 10, 1),
                                                                                     (11, 1, 11, 1),
                                                                                     (12, 1, 12, 2);

-- Section B
INSERT INTO questionnaire_question (id, questionnaire_id, question_id, scale_id) VALUES
                                                                                     (13, 1, 13, 10),
                                                                                     (14, 1, 14, 11),
                                                                                     (15, 1, 15, 12),
                                                                                     (16, 1, 16, 13),
                                                                                     (17, 1, 17, 14),
                                                                                     (18, 1, 18, 2),
                                                                                     (19, 1, 19, NULL),
                                                                                     (20, 1, 20, 3),
                                                                                     (21, 1, 21, NULL),
                                                                                     (22, 1, 22, 4),
                                                                                     (23, 1, 23, 2),
                                                                                     (24, 1, 24, 2),
                                                                                     (25, 1, 25, 2),
                                                                                     (26, 1, 26, 2);

-- Section C
INSERT INTO questionnaire_question (id, questionnaire_id, question_id, scale_id) VALUES
                                                                                     (27, 1, 27, 4),
                                                                                     (28, 1, 28, 4),
                                                                                     (29, 1, 29, 3),
                                                                                     (30, 1, 30, 4),
                                                                                     (31, 1, 31, 15),
                                                                                     (32, 1, 32, 16),
                                                                                     (33, 1, 33, 17),
                                                                                     (34, 1, 34, 3),
                                                                                     (35, 1, 35, 3),
                                                                                     (36, 1, 36, 18),
                                                                                     (37, 1, 37, 5),
                                                                                     (38, 1, 38, 5),
                                                                                     (39, 1, 39, 5),
                                                                                     (40, 1, 40, 3),
                                                                                     (41, 1, 41, 3),
                                                                                     (42, 1, 42, 3),
                                                                                     (43, 1, 43, 3);

-- Section D
INSERT INTO questionnaire_question (id, questionnaire_id, question_id, scale_id) VALUES
                                                                                     (44, 1, 44, 2),
                                                                                     (45, 1, 45, 19),
                                                                                     (46, 1, 46, 20),
                                                                                     (47, 1, 47, 2),
                                                                                     (48, 1, 48, NULL),
                                                                                     (49, 1, 49, 2),
                                                                                     (50, 1, 50, 2),
                                                                                     (51, 1, 51, NULL);

-- Section E
INSERT INTO questionnaire_question (id, questionnaire_id, question_id, scale_id) VALUES
                                                                                     (52, 1, 52, 21),
                                                                                     (53, 1, 53, 22),
                                                                                     (54, 1, 54, 3),
                                                                                     (55, 1, 55, 4),
                                                                                     (56, 1, 56, 3),
                                                                                     (57, 1, 57, 3),
                                                                                     (58, 1, 58, 23),
                                                                                     (59, 1, 59, 3),
                                                                                     (60, 1, 60, 24),
                                                                                     (61, 1, 61, 24),
                                                                                     (62, 1, 62, 24),
                                                                                     (63, 1, 63, 3),
                                                                                     (64, 1, 64, 25),
                                                                                     (65, 1, 65, 5),
                                                                                     (66, 1, 66, 5),
                                                                                     (67, 1, 67, 5),
                                                                                     (68, 1, 68, 5),
                                                                                     (69, 1, 69, 5);

-- Section F
INSERT INTO questionnaire_question (id, questionnaire_id, question_id, scale_id) VALUES
                                                                                     (70, 1, 70, 26),
                                                                                     (71, 1, 71, 27),
                                                                                     (72, 1, 72, 1),
                                                                                     (73, 1, 73, 28),
                                                                                     (74, 1, 74, 29),
                                                                                     (75, 1, 75, 29),
                                                                                     (76, 1, 76, 29),
                                                                                     (77, 1, 77, 29),
                                                                                     (78, 1, 78, 3),
                                                                                     (79, 1, 79, 3),
                                                                                     (80, 1, 80, 3),
                                                                                     (81, 1, 81, 3);

-- Section G
INSERT INTO questionnaire_question (id, questionnaire_id, question_id, scale_id) VALUES
                                                                                     (82, 1, 82, 3),
                                                                                     (83, 1, 83, 3),
                                                                                     (84, 1, 84, 3),
                                                                                     (85, 1, 85, 3),
                                                                                     (86, 1, 86, 3),
                                                                                     (87, 1, 87, 3),
                                                                                     (88, 1, 88, 3),
                                                                                     (89, 1, 89, 3),
                                                                                     (90, 1, 90, 3),
                                                                                     (91, 1, 91, 3),
                                                                                     (92, 1, 92, 3),
                                                                                     (93, 1, 93, 3),
                                                                                     (94, 1, 94, 3),
                                                                                     (95, 1, 95, 3),
                                                                                     (96, 1, 96, 5),
                                                                                     (97, 1, 97, 5),
                                                                                     (98, 1, 98, 5),
                                                                                     (99, 1, 99, 5);

-- Section H
INSERT INTO questionnaire_question (id, questionnaire_id, question_id, scale_id) VALUES
                                                                                     (100, 1, 100, 30),
                                                                                     (101, 1, 101, 31),
                                                                                     (102, 1, 102, 32),
                                                                                     (103, 1, 103, 6),
                                                                                     (104, 1, 104, 2),
                                                                                     (105, 1, 105, 2),
                                                                                     (106, 1, 106, 33),
                                                                                     (107, 1, 107, 2),
                                                                                     (108, 1, 108, 2),
                                                                                     (109, 1, 109, 34),
                                                                                     (110, 1, 110, 35),
                                                                                     (111, 1, 111, 36),
                                                                                     (112, 1, 112, 2),
                                                                                     (113, 1, 113, 2),
                                                                                     (114, 1, 114, 2),
                                                                                     (115, 1, 115, 37);

COMMIT;